{
	"home":
	{
		"door":
		{
			"close": [[3.4, 4, 0], [0, 0, 0]],
			"open": [[3.9, 4.4, 0], [0, 0, 1.57]]
		},
		"fridge": 
		{
			"close": [[-2.5, 4.2, 0], [0, 0, 0]],
			"open": [[-2.9, 3.9, 0], [0, 0, -1.57]]
		},
		"cupboard": 
		{
			"close": [[-2.5, -4.2, 0], [0, 0, 0]],
			"open": [[-3, -3.8, 0], [0, 0, 1.57]]
		},
		"paper": 
		{
			"stuck": [[-3, 3, 1], [-1.57079632679, 1.57079632679, 1.57079632679]]
		},
		"paper2": 
		{
			"stuck": [[-3, 3, 1], [-1.57079632679, 1.57079632679, 1.57079632679]]
		}
	}
}